Workbook

Sheet Summary
B2: Annual Mistaken Envelopes | C2: =Usage!E42 -> 1239.0857
B3: - That could have been avoided | C3: =C2*Mistakes!B11 -> 789.91714
B4: - That would have still happened | C4: =C2*Mistakes!C11 -> 449.16857
B6: Estimated Annual Envelopes | C6: =C4+Usage!D41 -> 4453.0543
B7: - Reduction | C7: =C3/C6 -> 0.17738772
B8: - Estimated Savings | C8: =C3*Pricing!E3 -> 4802.6962
B10: Engineers Cost / Envelope coversheet generation | C10: =Timing!B9*Pricing!C6 -> 8.5349444
B11: - Annual Savings | C11: =C10*C6 -> 38006.571
B13: Total Savings | C13: =C11+C8 -> 42809.267

Sheet Pricing
B1: Pricing Under LBSMEL | D1: Est New Pricing
B2: USD | C2: AUD | D2: USD | E2: AUD
A3: Envelope Cost | B3: 4.84 | C3: =B3*1.52 -> 7.3568 | D3: 4 | E3: =D3*1.52 -> 6.08
A5: Engineers Time | B5: Salary | C5: 153629 | D5: per year
C6: =C5/46/37.5/60/60 -> 0.024738969 | D6: per second

Sheet Usage
A1: ﻿"Period Start" | B1: Period End | C1: Envelopes Sent | D1: Envelopes Completed | E1: Envelopes Declined | F1: Envelopes Voided | G1: Envelopes Open
A2: 2019-09-01T00:00:00 AEST | B2: 2019-10-01T00:00:00 AEST | C2: 565 | D2: 448 | E2: 9 | F2: 108 | G2: =C2-SUM(D2:F2) -> 0
A3: 2019-10-01T00:00:00 AEST | B3: 2019-11-01T00:00:00 AEDT | C3: 569 | D3: 435 | E3: 27 | F3: 107 | G3: =C3-SUM(D3:F3) -> 0
A4: 2019-11-01T00:00:00 AEDT | B4: 2019-12-01T00:00:00 AEDT | C4: 328 | D4: 255 | E4: 35 | F4: 38 | G4: =C4-SUM(D4:F4) -> 0
A5: 2019-12-01T00:00:00 AEDT | B5: 2020-01-01T00:00:00 AEDT | C5: 306 | D5: 231 | E5: 31 | F5: 44 | G5: =C5-SUM(D5:F5) -> 0
A6: 2020-01-01T00:00:00 AEDT | B6: 2020-02-01T00:00:00 AEDT | C6: 176 | D6: 116 | E6: 19 | F6: 41 | G6: =C6-SUM(D6:F6) -> 0
A7: 2020-02-01T00:00:00 AEDT | B7: 2020-03-01T00:00:00 AEDT | C7: 175 | D7: 127 | E7: 12 | F7: 36 | G7: =C7-SUM(D7:F7) -> 0
A8: 2020-03-01T00:00:00 AEDT | B8: 2020-04-01T00:00:00 AEDT | C8: 173 | D8: 125 | E8: 16 | F8: 32 | G8: =C8-SUM(D8:F8) -> 0
A9: 2020-04-01T00:00:00 AEDT | B9: 2020-05-01T00:00:00 AEST | C9: 114 | D9: 71 | E9: 15 | F9: 28 | G9: =C9-SUM(D9:F9) -> 0
A10: 2020-05-01T00:00:00 AEST | B10: 2020-06-01T00:00:00 AEST | C10: 194 | D10: 133 | E10: 21 | F10: 40 | G10: =C10-SUM(D10:F10) -> 0
A11: 2020-06-01T00:00:00 AEST | B11: 2020-07-01T00:00:00 AEST | C11: 245 | D11: 157 | E11: 25 | F11: 63 | G11: =C11-SUM(D11:F11) -> 0
A12: 2020-07-01T00:00:00 AEST | B12: 2020-08-01T00:00:00 AEST | C12: 524 | D12: 399 | E12: 33 | F12: 92 | G12: =C12-SUM(D12:F12) -> 0
A13: 2020-08-01T00:00:00 AEST | B13: 2020-09-01T00:00:00 AEST | C13: 358 | D13: 265 | E13: 21 | F13: 72 | G13: =C13-SUM(D13:F13) -> 0
... A36: 2022-07-01T00:00:00 AEST | B36: 2022-08-01T00:00:00 AEST | C36: 465 | D36: 362 | E36: 7 | F36: 84 | G36: =C36-SUM(D36:F36) -> 12
B38: Total | C38: =SUM(C2:C36) -> 15365 | D38: =SUM(D2:D36) -> 11678 | E38: =SUM(E2:E36) -> 666 | F38: =SUM(F2:F36) -> 2948 | G38: =SUM(G2:G36) -> 73
B39: Average | C39: =C38/COUNT(C2:C36) -> 439 | D39: =D38/COUNT(D2:D36) -> 333.65714 | E39: =E38/COUNT(E2:E36) -> 19.028571 | F39: =F38/COUNT(F2:F36) -> 84.228571 | G39: =G38/COUNT(G2:G36) -> 2.0857143
B41: Annually Correct | D41: =D39*12 -> 4003.8857
B42: Annualy Wrong | E42: =SUM(E39:F39)*12 -> 1239.0857

Sheet Timing
B1: Time Spend per Envelope
A2: Kuljit | B2: =4*60 -> 240
A3: Warren | B3: =60*7 -> 420
A4: Susie | B4: =10*60 -> 600
A5: NegR | B5: =2.5*60 -> 150
A6: Subodha | B6: =6*60 -> 360
A7: Matt Long | B7: =60*5 -> 300
A9: Average | B9: =AVERAGE(B2:B8) -> 345 | C9: sec
B10: =B9/60 -> 5.75 | C10: minutes

Sheet Mistakes
B1: Issues with Coversheets | C1: Issues with SRC
A2: Negin | B2: 0.8 | C2: =1-B2 -> 0.2
A3: Orla | B3: 0.9 | C3: =1-B3 -> 0.1
A4: Susie | B4: 0.95 | C4: =1-B4 -> 0.05
A5: George A | B5: 0.5 | C5: =1-B5 -> 0.5
A6: Kuljit | B6: 0.05 | C6: =1-B6 -> 0.95
A7: Warren | B7: 0.6 | C7: =1-B7 -> 0.4
A8: Subodha | B8: 0.5 | C8: =1-B8 -> 0.5
A9: Matt Long | B9: 0.8 | C9: =1-B9 -> 0.2
A11: Average | B11: =AVERAGE(B2:B9) -> 0.6375 | C11: =AVERAGE(C2:C9) -> 0.3625
